kphio,temp_ramp_edge,soilm_par_a,soilm_par_b
0.049755859375,5.31256103515625,0.51256103515625,0.81256103515625
