kphio,soilm_par_a,soilm_par_b
0.08701221381839837,0,0.6854999975537
