kphio,soilm_par_a,soilm_par_b
0.06571862166894377,0,0.4436259057294487
