kphio,soilm_par_a,soilm_par_b
0.08455221690501027,0,0.6999079350889074
