kphio,soilm_par_a,soilm_par_b
0.08992963534876428,0,0.6896619439460447
