kphio,soilm_par_a,soilm_par_b
0.12939102393753685,0,0.7657873430335622
