kphio,soilm_par_a,soilm_par_b
0.0891245190804402,0,0.6897668110271733
