kphio,soilm_par_a,soilm_par_b
0.0868408607953097,0,0.7209955228749768
