kphio,soilm_par_a,soilm_par_b
0.08734593904808681,0.7106782302063447,0.5055406179418617
